USE GraduateProject

-----------------------Направления-обучения-------------------------

INSERT INTO GraduateProject.curriculum.StudyDirections(Id ,IsDeleted, IsHidden, Code, [Name], [Description], [Period])
VALUES ('ff950dd7-9aca-485a-9ec9-109e56e5662b', 0, 1, '09.02.07', 'Информационные системы и программирование', 'Область профессиональной деятельности: совокупность методов и средств для разработки, сопровождения и эксплуатации программного обеспечения компьютерных систем.', 40),
	   ('647608a2-bc75-4674-9811-6460911adc01', 0, 1, '11.02.07', 'Наладчик компьютерных сетей', 'Область профессиональной деятельности: выполнение работ по монтажу, наладке и обслуживанию компьютерных сетей и оборудования; работа в локальных и глобальных компьютерных сетях; обеспечение информационной безопасности компьютерных сетей', 30),
	   ('eb5f5d24-932d-403b-93e5-dc70658ccf0f', 0, 1, '07.02.07', 'Дизайн', 'организация и проведение работ по проектированию художественно-технической, предметно-пространственной, производственной и социально-культурной среды, максимально приспособленной к нуждам различных категорий потребителей.', 30),
	   ('02c9e445-0024-4634-b6cc-2483054412fe', 0, 1, '10.02.07', 'Парикмахерское искусство', 'выполнение технологических процессов и художественного моделирования в сфере парикмахерского  искусства.', 32);

-----------------------Должности-------------------------

INSERT INTO GraduateProject.[subject].Positions (Id, [Name], [Description])
VALUES ('0162936c-b335-4766-b90f-caf673af586d', 'Куратор', 'Отвечает за группу'),
	   ('8303f53f-b06e-471e-a23d-c1350d95c598', 'Преподаватель русского языка', 'Преподаёт русский язык'),
	   ('5697f1ed-b306-49ac-b74a-de42963ee7e3', 'Преподаватель литературы', 'Преподаёт литературу'),
	   ('a41d802f-c0a3-468a-9380-f9cdf14a0c60', 'Преподаватель иностранного языка', 'Преподаёт иностранный язык'),
	   ('e477c6a4-0cb1-409f-8e5f-423b153bc0d8', 'Преподаватель математики', 'Преподаёт математику'),
	   ('756c9ab3-5331-4606-840f-e3e797c88adc', 'Преподаватель истории', 'Преподаёт историю'),
	   ('f6c57a29-919f-495c-be5e-805a46483ad8', 'Преподаватель астрономии', 'Преподаёт астрономии'),
	   ('f1e62540-ccd7-44e9-b017-d56454f99ef8', 'Преподаватель физической культуры', 'Преподаёт физическую культуру'),
	   ('75043ba7-0a08-4fe6-b50b-5045af7aed61', 'Преподаватель ОБЖ', 'Преподаёт основы безопасности жизнедеятельности'),
	   ('06c29c29-abfb-46a8-ad8a-619d3e440c6a', 'Преподаватель ОП', 'Преподаёт дисциплины из ОП'),
	   ('7630c5bf-9f15-4b19-b062-d6a9dd202279', 'Преподаватель ПМ', 'Преподаёт дисциплины из ПМ');

-----------------------Преподаватели-------------------------

INSERT INTO GraduateProject.[subject].Persons (Id, Discriminator, FirstName, MiddleName, LastName, DateOfBirth, Gender, UserId, GroupId)
VALUES ('cd835366-b488-42f2-8e60-abcc3699be65', 'Employee', 'Мартин', 'Юрьевич', 'Бирюков ', '10-06-1998', 1, Null, Null),
       ('474f8cc6-a879-4c94-a3ab-7f305e4dae00', 'Employee', 'Алина', 'Святославовна', 'Тимофеева ', '12-10-1995', 0, Null, Null),
	   ('17169c88-3c0b-4a20-a070-3c589ab5840e', 'Employee', 'Милана', 'Георгьевна', 'Крылова', '13-01-2000', 0, Null, Null),
	   ('a5a7795d-8aba-4e54-bda3-410d0b2742b4', 'Employee', 'Сергей', 'Макарович', 'Куликов ', '07-11-1999', 1, Null, Null),
	   ('c647a752-8155-4f9c-b6f3-6dd94b8c1f7c', 'Employee', 'Виталий', 'Матвеевич', 'Цаль', '19-11-1990', 1, Null, Null),

	   ('1df4b7d5-58ee-4d42-9dcd-441e0813ced3', 'Employee', 'Юлия', 'Олеговна', 'Крюкова', '03-05-2000', 0, Null, Null),
	   ('3a84f271-5020-45a2-bb13-4cecef430872', 'Employee', 'Ольга', 'Дмитриевна', 'Русакова', '10-08-1999', 0, Null, Null),
	   ('80a74079-e1b1-4f5c-a639-32165a51f892', 'Employee', 'Александр', 'Александрович', 'Лазарев ', '21-03-2000', 1, Null, Null)

-----------------------Работники-Позиции-----------------------

INSERT INTO GraduateProject.[subject].EmployeePositions (EmployeeId, PositionId)
VALUES (CONVERT(uniqueidentifier, 'cd835366-b488-42f2-8e60-abcc3699be65'), CONVERT(uniqueidentifier, '0162936c-b335-4766-b90f-caf673af586d')), --Мартин Куратор--
	   (CONVERT(uniqueidentifier, 'cd835366-b488-42f2-8e60-abcc3699be65'), CONVERT(uniqueidentifier, '8303f53f-b06e-471e-a23d-c1350d95c598')), --Мартин Русский--
	   (CONVERT(uniqueidentifier, 'cd835366-b488-42f2-8e60-abcc3699be65'), CONVERT(uniqueidentifier, '5697f1ed-b306-49ac-b74a-de42963ee7e3')), --Мартин Литра--
	   (CONVERT(uniqueidentifier, 'cd835366-b488-42f2-8e60-abcc3699be65'), CONVERT(uniqueidentifier, 'a41d802f-c0a3-468a-9380-f9cdf14a0c60')), --Мартин Английский--
	   (CONVERT(uniqueidentifier, '474f8cc6-a879-4c94-a3ab-7f305e4dae00'), CONVERT(uniqueidentifier, 'e477c6a4-0cb1-409f-8e5f-423b153bc0d8')), --Алина Математика--
	   (CONVERT(uniqueidentifier, '17169c88-3c0b-4a20-a070-3c589ab5840e'), CONVERT(uniqueidentifier, '756c9ab3-5331-4606-840f-e3e797c88adc')), --Милана История--
	   (CONVERT(uniqueidentifier, '17169c88-3c0b-4a20-a070-3c589ab5840e'), CONVERT(uniqueidentifier, 'f6c57a29-919f-495c-be5e-805a46483ad8')), --Милана Астрономия--
	   (CONVERT(uniqueidentifier, 'a5a7795d-8aba-4e54-bda3-410d0b2742b4'), CONVERT(uniqueidentifier, '75043ba7-0a08-4fe6-b50b-5045af7aed61')), --Сергей ОБЖ--
	   (CONVERT(uniqueidentifier, 'c647a752-8155-4f9c-b6f3-6dd94b8c1f7c'), CONVERT(uniqueidentifier, 'f1e62540-ccd7-44e9-b017-d56454f99ef8')), --Виталий Физра--
	   (CONVERT(uniqueidentifier, 'c647a752-8155-4f9c-b6f3-6dd94b8c1f7c'), CONVERT(uniqueidentifier, '0162936c-b335-4766-b90f-caf673af586d')), --Виталий Куратор--
	   (CONVERT(uniqueidentifier, '1df4b7d5-58ee-4d42-9dcd-441e0813ced3'), CONVERT(uniqueidentifier, '06c29c29-abfb-46a8-ad8a-619d3e440c6a')), --Юлия ОП--
	   (CONVERT(uniqueidentifier, '3a84f271-5020-45a2-bb13-4cecef430872'), CONVERT(uniqueidentifier, '7630c5bf-9f15-4b19-b062-d6a9dd202279')), --Ольга ПМ--
	   (CONVERT(uniqueidentifier, '80a74079-e1b1-4f5c-a639-32165a51f892'), CONVERT(uniqueidentifier, '7630c5bf-9f15-4b19-b062-d6a9dd202279')), --Александр ПМ--
	   (CONVERT(uniqueidentifier, '80a74079-e1b1-4f5c-a639-32165a51f892'), CONVERT(uniqueidentifier, '0162936c-b335-4766-b90f-caf673af586d')); --Александр Куратор--




-----------------------Группы-------------------------

INSERT INTO GraduateProject.[subject].[Group] (Id, IsDeleted, IsHidden, [Name], EntryDate, StudyDirectionId, SupervisorId)
VALUES ('f58fc1c9-37c0-4caa-a3be-5a9209699aad', 0, 0, 'ИСП-20', '15-07-2020', 'ff950dd7-9aca-485a-9ec9-109e56e5662b', 'cd835366-b488-42f2-8e60-abcc3699be65'),
	   ('108adef3-814a-4204-9b44-13a4ed98344f', 0, 0, 'ИСП-21', '16-07-2021', 'ff950dd7-9aca-485a-9ec9-109e56e5662b', '80a74079-e1b1-4f5c-a639-32165a51f892'),
	   ('6373a135-21cd-4d18-9839-a9478628ae14', 0, 0, '11-21', '15-07-2021', '647608a2-bc75-4674-9811-6460911adc01', 'c647a752-8155-4f9c-b6f3-6dd94b8c1f7c'),
	   ('b5a7d6ec-dd3d-49a0-9e37-d820afe76b31', 0, 0, 'ИСП-21К', '17-07-2021', 'ff950dd7-9aca-485a-9ec9-109e56e5662b', '80a74079-e1b1-4f5c-a639-32165a51f892');

-----------------------Студенты-------------------------

--ИСП-20--

INSERT INTO GraduateProject.[subject].Persons (Id, Discriminator, FirstName, MiddleName, LastName, DateOfBirth, Gender, UserId, GroupId)
VALUES ('bcaefe3f-d405-4d2d-9098-48664321a659', 'Student', 'Екатерина', 'Алексеевна', 'Абакумова', '21-05-2004', 0, Null, 'f58fc1c9-37c0-4caa-a3be-5a9209699aad'),
	   ('30668cf0-d06b-4381-946c-f57a331ab0b7', 'Student', 'Андрей', ' 	Алексеевич', 'Абрамов', '10-02-2004', 1, Null, 'f58fc1c9-37c0-4caa-a3be-5a9209699aad'),
	   ('0d0f1188-a86c-4f84-9f96-9de27a60b315', 'Student', 'Хуршед', 'Аюбович', 'Азамов', '01-06-2003', 1, Null, 'f58fc1c9-37c0-4caa-a3be-5a9209699aad'),
	   ('238e0869-dfda-4db2-bc9f-fa5eb1ce9297', 'Student', 'Артемий', 'Сергеевич', 'Андреев', '10-07-2004', 1, Null, 'f58fc1c9-37c0-4caa-a3be-5a9209699aad'),
	   ('e0578f6d-6e3d-433e-86e1-270a707836fa', 'Student', 'Марина', 'Алексеевна', 'Андреева', '11-10-2004', 0, Null, 'f58fc1c9-37c0-4caa-a3be-5a9209699aad'),
	   ('6a6bf04a-5b14-4188-9f22-9f8e6343a3d5', 'Student', 'Полина', 'Дмитриевна', 'Андронова', '05-02-2004', 0, Null, 'f58fc1c9-37c0-4caa-a3be-5a9209699aad'),
	   ('d6fd687f-1187-49aa-adaf-f835cae02427', 'Student', 'Максим', 'Александрович', 'Аненко', '25-01-2004', 1, Null, 'f58fc1c9-37c0-4caa-a3be-5a9209699aad'),
	   ('81564a6e-1aff-425a-ae1b-ef13bf33da3e', 'Student', 'Илья', 'Андреевич', 'Анисимов', '13-12-2004', 1, Null, 'f58fc1c9-37c0-4caa-a3be-5a9209699aad'),
	   ('dfdafaff-0736-4c1b-ae01-19d37df1454b', 'Student', 'Тимофей', 'Алексеевич', 'Баранов', '14-10-2003', 1, Null, 'f58fc1c9-37c0-4caa-a3be-5a9209699aad'),
	   ('9c7128fc-c9e3-4b4c-9af1-8fca27b55452', 'Student', 'Арсений', 'Павлович', 'Гурков', '11-10-2003', 1, Null, 'f58fc1c9-37c0-4caa-a3be-5a9209699aad'),
	   ('a40b4617-65bd-414b-8e26-51cd1fa178c5', 'Student', 'Максим', 'Андреевич', 'Ефименко', '18-02-2005', 1, Null, 'f58fc1c9-37c0-4caa-a3be-5a9209699aad'),
	   ('59c24397-4321-4aef-99c9-3f274f4ae151', 'Student', 'Илья', 'Алексеевич', 'Калашников', '20-03-2004', 1, Null, 'f58fc1c9-37c0-4caa-a3be-5a9209699aad'),
	   ('208cfed9-d09a-4a26-a77b-e1742f376a6a', 'Student', 'Александр', 'Сергеевич', 'Власенко', '25-12-2004', 1, Null, 'f58fc1c9-37c0-4caa-a3be-5a9209699aad'),
	   ('893346c1-d263-470e-84c2-5f30b5c7a948', 'Student', 'Фёдор', 'Вячеславович', 'Денисов', '11-11-2005', 1, Null, 'f58fc1c9-37c0-4caa-a3be-5a9209699aad'),
	   ('521851bc-3438-4d4a-8d42-5325124a16bd', 'Student', 'Алина', 'Сергеевна', 'Прусикина', '03-10-2005', 0, Null, 'f58fc1c9-37c0-4caa-a3be-5a9209699aad');

--ИСП-21--

INSERT INTO GraduateProject.[subject].Persons (Id, Discriminator, FirstName, MiddleName, LastName, DateOfBirth, Gender, UserId, GroupId)
VALUES ('973b27ab-604a-4369-962c-37e31075e601', 'Student', 'Анастасия', 'Евгеньевна', 'Калинина', '21-03-2004', 0, Null, '108adef3-814a-4204-9b44-13a4ed98344f'),
	   ('864126d8-73ad-433a-95bc-bb1fa94a78b7', 'Student', 'Елена', 'Владимировна', 'Осипова', '11-02-2004', 0, Null, '108adef3-814a-4204-9b44-13a4ed98344f'),
	   ('ffc86f54-8a7a-4d81-bdac-c479ea44de4e', 'Student', 'Илья', 'Владимирович', 'Осипов', '11-10-2005', 1, Null, '108adef3-814a-4204-9b44-13a4ed98344f'),
	   ('118101d6-7c9e-484f-9817-9d394aca67ae', 'Student', 'Александр', 'Александрович', 'Вязов', '21-12-2002', 1, Null, '108adef3-814a-4204-9b44-13a4ed98344f'),
	   ('0586d086-9c0f-4105-b5e0-24b209e11884', 'Student', 'Валерия', 'Олеговна', 'Кручинина', '01-10-2003', 0, Null, '108adef3-814a-4204-9b44-13a4ed98344f'),
	   ('98aa3a21-33b3-4ccf-a666-3a22e70be6c4', 'Student', 'Екатерина', 'Сергеевна', 'Койнова', '18-10-2004', 0, Null, '108adef3-814a-4204-9b44-13a4ed98344f'),
	   ('4323aace-c097-4b73-8007-a1025fe8adac', 'Student', 'Никита', 'Аркадиевич', 'Марунчак', '13-05-2005', 1, Null, '108adef3-814a-4204-9b44-13a4ed98344f'),
	   ('4b9b036b-fa69-4d51-9a6c-70a1a3a4d86e', 'Student', 'Олег', 'Дмитриевич', 'Прусикин', '18-06-2005', 1, Null, '108adef3-814a-4204-9b44-13a4ed98344f'),
	   ('e0494d47-daf2-46f7-827d-38fd3d60aede', 'Student', 'Маргарита', 'Александровна', 'Войтенко', '08-08-2004', 0, Null, '108adef3-814a-4204-9b44-13a4ed98344f'),
	   ('3897a204-9f5e-440f-8f14-c623905675ec', 'Student', 'Ольга', 'Сергеевна', 'Серова', '07-12-2001', 0, Null, '108adef3-814a-4204-9b44-13a4ed98344f');

--11-21--

INSERT INTO GraduateProject.[subject].Persons (Id, Discriminator, FirstName, MiddleName, LastName, DateOfBirth, Gender, UserId, GroupId)
VALUES ('e5f5d427-e247-4e69-9fa2-a659cf46578e', 'Student', 'Александр', 'Владимирович', 'Краснов', '11-09-2003', 1, Null, '6373a135-21cd-4d18-9839-a9478628ae14'),
	   ('844a970a-06ba-489e-b7f9-23fc1743c322', 'Student', 'Инна', 'Сергеевна', 'Праздникова', '21-11-2004', 0, Null, '6373a135-21cd-4d18-9839-a9478628ae14'),
	   ('9aa13c81-775d-4311-a213-4260a69d1054', 'Student', 'Владимир', 'Владимирович', 'Тихонов', '01-10-2002', 1, Null, '6373a135-21cd-4d18-9839-a9478628ae14'),
	   ('42d82b04-9d4e-4688-b24e-ec6443d35110', 'Student', 'Евгений', 'Алексеевич', 'Цаль', '05-02-2002', 1, Null, '6373a135-21cd-4d18-9839-a9478628ae14'),
	   ('03f7962d-3136-4f96-affc-1d7a0287cb5f', 'Student', 'Никита', 'Алексеевич', 'Морозов', '26-07-2004', 1, Null, '6373a135-21cd-4d18-9839-a9478628ae14'),
	   ('ddcc73ce-3c9f-4cae-b1e0-24480a390621', 'Student', 'Никита', 'Владимирович', 'Костенко', '28-05-2003', 1, Null, '6373a135-21cd-4d18-9839-a9478628ae14'),
	   ('b370cf45-3c7b-44b7-8809-ac3997ed3815', 'Student', 'Екатерина', 'Александровна', 'Норкова', '13-12-2003', 0, Null, '6373a135-21cd-4d18-9839-a9478628ae14'),
	   ('00a25959-8f1f-4146-814b-8d72c9facf78', 'Student', 'Алиса', 'Константиновна', 'Инь', '18-11-2004', 0, Null, '6373a135-21cd-4d18-9839-a9478628ae14'),
	   ('cd62d9e2-3236-40b0-9f65-2ba1db90a0e4', 'Student', 'Александр', 'Олегович', 'Шейхов', '01-08-2005', 1, Null, '6373a135-21cd-4d18-9839-a9478628ae14'),
	   ('82d6770f-7bfb-4115-81d0-1b89fd1c9c8d', 'Student', 'Константин', 'Евгениевич', 'Шолохов', '20-07-2004', 1, Null, '6373a135-21cd-4d18-9839-a9478628ae14');

--ИСП-21К--

INSERT INTO GraduateProject.[subject].Persons (Id, Discriminator, FirstName, MiddleName, LastName, DateOfBirth, Gender, UserId, GroupId)
VALUES ('66b78b27-5778-4913-9b31-aa277fbd2112', 'Student', 'Арсений', 'Владимирович', 'Разин', '20-11-2003', 1, Null, 'b5a7d6ec-dd3d-49a0-9e37-d820afe76b31'),
	   ('deeffbf5-ce87-4f04-9729-8b44e7387134', 'Student', 'Константин', 'Олегович', 'Меркулов', '22-10-2003', 1, Null, 'b5a7d6ec-dd3d-49a0-9e37-d820afe76b31'),
	   ('31c688b5-13db-42fd-984a-85a3e1d4a1f1', 'Student', 'Глеб', 'Александрович', 'Кличко', '12-06-2004', 1, Null, 'b5a7d6ec-dd3d-49a0-9e37-d820afe76b31'),
	   ('abe77279-bfcc-4fb9-a29a-7f75cb0f636f', 'Student', 'Владислав', 'Сергеевич', 'Кириев', '27-05-2003', 1, Null, 'b5a7d6ec-dd3d-49a0-9e37-d820afe76b31'),
	   ('507cd349-6f4d-448b-9c34-525d4b5849b7', 'Student', 'Владислав', 'Сергеевич', 'Разумов', '15-09-2002', 1, Null, 'b5a7d6ec-dd3d-49a0-9e37-d820afe76b31'),
	   ('ff586d25-2345-411c-b5af-ddefbcba617e', 'Student', 'Илья', 'Ильич', 'Ронолин', '16-09-2005', 1, Null, 'b5a7d6ec-dd3d-49a0-9e37-d820afe76b31'),
	   ('fea858b4-919a-4796-bc61-064207dca711', 'Student', 'Лидия', 'Владимировна', 'Беляева', '08-08-2004', 0, Null, 'b5a7d6ec-dd3d-49a0-9e37-d820afe76b31');


-----------------Дисциплины---------------------

INSERT INTO GraduateProject.curriculum.Disciplines (Id, IsDeleted, IsHidden, Code, [Name], [Description])
VALUES ('6ad21de5-c031-4486-bce2-dc36e87793c9', 0, 0, 'ОУД.01', 'Русский язык', 'русский язык'),
	   ('78291edf-95ed-45b5-a2ba-d11016b48dfd', 0, 0, 'ОУД.02', 'Литература', 'литература'),
	   ('de2bb332-47c0-436f-a5b0-8f80db0f13f7', 0, 0, 'ОУД.03', 'Иностранный язык', 'иностранный язык'),
	   ('f51bcd31-f9d8-43d6-b323-28817266bd32', 0, 0, 'ОУД.04', 'Математика', 'математика'),
	   ('9e2357cd-9031-4313-897f-762bacef6bdd', 0, 0, 'ОУД.05', 'История', 'история'),
	   ('1d2b67f1-41e7-419a-a4ee-c0ec2e465985', 0, 0, 'ОУД.06', 'Астрономия', 'астрономия'),
	   ('60a3359c-8cfc-411d-ab42-8ee6269c9b3f', 0, 0, 'ОУД.07', 'Физ-ра', 'физическая культура'),
	   ('a7e9575b-84ba-4d28-bc5b-a5130578e16a', 0, 0, 'ОУД.08', 'ОБЖ', 'основы безопасности жизнедеятельности'),
	   ('4c5aa6f1-da72-493f-a3df-5283135f8819', 0, 0, 'ОП.01', 'Стандартизация и сертификация', 'стандартизация и сертификация'),
	   ('52bbe858-a941-48af-a82d-291f25d497dc', 0, 0, 'ОП.02', 'Тестирование ПО', 'тестирование ПО'),
	   ('1111f412-5ef6-43ae-beb1-58b019741091', 0, 0, 'ПМ.01', 'Разработка ПО', 'разработка ПО'),
	   ('a737c8db-2f1d-4372-8dfc-bf99029ee80d', 0, 0, 'ПМ.02', 'Сопровождение ПО', 'сопровождение ПО');

--------------------------------ОЦЕНКИ(1,2-семестра(PIZDEZ))---------------------------------








----------------------------User-Claims-Accounts--------------------------

INSERT INTO GraduateProject.[identity].UserClaims (UserId, ClaimType, ClaimValue)
VALUES ('', 'AccessLevel', 3)

INSERT INTO GraduateProject.[identity].UserClaims (UserId, ClaimType, ClaimValue)
VALUES ('', 'AccessLevel', 2)

INSERT INTO GraduateProject.[identity].UserClaims (UserId, ClaimType, ClaimValue)
VALUES ('', 'AccessLevel', 1)

